id,conversation_id,created_at,date,time,timezone,user_id,username,name,place,tweet,language,mentions,urls,photos,replies_count,retweets_count,likes_count,hashtags,cashtags,link,retweet,quote_url,video,thumbnail,near,geo,source,user_rt_id,user_rt,retweet_id,reply_to,retweet_date,translate,trans_src,trans_dest
1092135249507729409,1092135249507729409,2019-02-03 12:58:29 CST,2019-02-03,12:58:29,-0500,899868552907247616,tweet_to_dhruba,Dhruba Chatterjee,,"This is how top officials of Kolkata police treated CBI officials.
#MamataVsCBI
#CBIvsKolkataPolice https://t.co/0qX3zyl6yW",en,[],[],['https://pbs.twimg.com/media/DygLM4mW0AYm_Fg.jpg'],14,39,41,"['mamatavscbi', 'cbivskolkatapolice']",[],https://twitter.com/Tweet_to_Dhruba/status/1092135249507729409,,,1,https://pbs.twimg.com/media/DygLM4mW0AYm_Fg.jpg,Bangalore,,,,,,"{'user_id': None, 'username': None}",,,,
1092045331775275008,1092045331775275008,2019-02-03 07:01:10 CST,2019-02-03,07:01:10,-0500,218748137,dhanushfans24x7,Dhanush Fans 24x7,,"Here is our beloved #Asuran means lot
@dhanushkraja Sir üî•üòéüíï

#AnandaVikatanCinemaAwards https://t.co/y2qUc37Iqn",en,['dhanushkraja'],[],"['https://pbs.twimg.com/media/Dye5XNAXQAof8gG.jpg', 'https://pbs.twimg.com/media/Dye5aGBXQAAZeWJ.jpg', 'https://pbs.twimg.com/media/Dye5a4ZWwAAo5Z8.jpg', 'https://pbs.twimg.com/media/Dye5bosWsAAquBd.jpg']",2,80,381,"['asuran', 'anandavikatancinemaawards']",[],https://twitter.com/dhanushfans24x7/status/1092045331775275008,,,1,https://pbs.twimg.com/media/Dye5XNAXQAof8gG.jpg,Bangalore,,,,,,"{'user_id': None, 'username': None}",,,,
1092127045369454592,1092127045369454592,2019-02-03 12:25:53 CST,2019-02-03,12:25:53,-0500,1092105847373742080,meenakshiv16,Meenakshi V,,"Bandeplaya police made me delete the vidoes which I took in the police station when they abused me and spoke in favour of M.Raghavendra corporator's brother in law...
 Circle inspector Mr.Ramesh Kumar told me to go for settlement and not to register any complaint@blrcitypolice https://t.co/kRzh9lyksR",en,[],[],['https://pbs.twimg.com/media/DygDt64W0AARSsb.jpg'],3,21,15,[],[],https://twitter.com/MeenakshiV16/status/1092127045369454592,,,1,https://pbs.twimg.com/media/DygDt64W0AARSsb.jpg,Bangalore,,,,,,"{'user_id': None, 'username': None}",,,,
1092107037541101568,1092107037541101568,2019-02-03 11:06:22 CST,2019-02-03,11:06:22,-0500,175280070,shashi_shekara,Shashi Shekara üáÆüá≥,,"Reason behind @MamataOfficial dharna..!
#CBIvsMamta #CBIvsDidi #MamatablocksCBI #SharadhaChitFundScam https://t.co/5DMbnnx1NG",en,['mamataofficial'],[],['https://pbs.twimg.com/media/DyfxjHcXQAAyd5-.jpg'],0,16,17,"['cbivsmamta', 'cbivsdidi', 'mamatablockscbi', 'sharadhachitfundscam']",[],https://twitter.com/shashi_shekara/status/1092107037541101568,,,1,https://pbs.twimg.com/media/DyfxjHcXQAAyd5-.jpg,Bangalore,,,,,,"{'user_id': None, 'username': None}",,,,
1092105073755414528,1092105073755414528,2019-02-03 10:58:34 CST,2019-02-03,10:58:34,-0500,108006063,rvaidya2000,RVAIDYA2000 üïâÔ∏è,,3 Sperm based leaders[SBL}-3 trajectories-Akhilesh practically renounced his father/HDK continuously weeping before his snoozing father and MK Stalin-nvr anointed by his father when he was alive claims he talks to him daily for his blabbering-Let us see which SBL succeds:))) RT,en,[],[],[],5,70,106,[],[],https://twitter.com/rvaidya2000/status/1092105073755414528,,,0,,Bangalore,,,,,,"{'user_id': None, 'username': None}",,,,
1092153881247780864,1092153881247780864,2019-02-03 14:12:31 CST,2019-02-03,14:12:31,-0500,107649620,rajeshunplugged,Rajesh Krishnan,,With Sandeep Chowta. https://t.co/l5YmTdcBV3,en,[],[],['https://pbs.twimg.com/media/DygcJdnX0AEmswZ.jpg'],9,3,154,[],[],https://twitter.com/Rajeshunplugged/status/1092153881247780864,,,1,https://pbs.twimg.com/media/DygcJdnX0AEmswZ.jpg,Bangalore,,,,,,"{'user_id': None, 'username': None}",,,,
1092131913618251776,1092131913618251776,2019-02-03 12:45:13 CST,2019-02-03,12:45:13,-0500,873018610171523072,tejas_j_reddy,Tejas Reddy,,"#10MViewsForNSNIHINDIDUBBED
Subscribers increased from 54k to 205k in just 3days from the film release. üëå Now it has reached 10Million views. üëå üòö
#AlluArjun craze in north Is Untouchable üòçüòçüî•üî•üî• https://t.co/s2ASGPdaA7",en,[],[],['https://pbs.twimg.com/media/DygILLrU0AAOE2Y.jpg'],1,12,21,"['10mviewsfornsnihindidubbed', 'alluarjun']",[],https://twitter.com/Tejas_j_Reddy/status/1092131913618251776,,,1,https://pbs.twimg.com/media/DygILLrU0AAOE2Y.jpg,Bangalore,,,,,,"{'user_id': None, 'username': None}",,,,
1092121340654436354,1092121340654436354,2019-02-03 12:03:12 CST,2019-02-03,12:03:12,-0500,1092105847373742080,meenakshiv16,Meenakshi V,,"9742392725 Is my contact number. 
Today I felt there's no safety for women even in police station@blrcitypolice",en,[],[],[],1,23,14,[],[],https://twitter.com/MeenakshiV16/status/1092121340654436354,,https://twitter.com/MeenakshiV16/status/1092116634184048641,0,,Bangalore,,,,,,"{'user_id': None, 'username': None}",,,,
1092092209963315200,1092092209963315200,2019-02-03 10:07:27 CST,2019-02-03,10:07:27,-0500,4911084924,prabhatisb,PrabhaüáÆüá≥,,"No ED,No CBI, No Amit Shah rally,No Yogi rally.WB is my ancestral property,I decide who enters my property.WB is my fiefdom.None can question me on my dealings within my state.What Democracy are you talking about?",en,[],[],[],4,14,31,[],[],https://twitter.com/prabhatisb/status/1092092209963315200,,,0,,Bangalore,,,,,,"{'user_id': None, 'username': None}",,,,
1092098535867088903,1092098535867088903,2019-02-03 10:32:35 CST,2019-02-03,10:32:35,-0500,1076356293797892096,ilaavish,Adyah,,The Look which I started to become FAN of #Ajith #Viswasam #Viswasam25thDayCelebrations #Thala59 #ThalaAjith https://t.co/9jRTJZmZtD,en,[],[],['https://pbs.twimg.com/media/Dyfp1EHUYAAcT19.jpg'],0,1,12,"['ajith', 'viswasam', 'viswasam25thdaycelebrations', 'thala59', 'thalaajith']",[],https://twitter.com/iLaavish/status/1092098535867088903,,,1,https://pbs.twimg.com/media/Dyfp1EHUYAAcT19.jpg,Bangalore,,,,,,"{'user_id': None, 'username': None}",,,,
1092076389543510016,1092076389543510016,2019-02-03 09:04:35 CST,2019-02-03,09:04:35,-0500,2166444230,pcmohanmp,P C Mohan,,"Just finished watching #UriTheSurgicalStrike with friends. What a fantastic &amp; inspiring movie! I congratulate @vickykaushal09 &amp; crew for a thrilling fare.

And, #HowIsTheJosh ? Very high! https://t.co/trWKc7VrrE",en,['vickykaushal09'],[],[],4,30,178,"['urithesurgicalstrike', 'howisthejosh']",[],https://twitter.com/PCMohanMP/status/1092076389543510016,,,1,https://pbs.twimg.com/ext_tw_video_thumb/1092076355397668864/pu/img/hWtuuLvQGHyjqZnm.jpg,Bangalore,,,,,,"{'user_id': None, 'username': None}",,,,
1092101429005737987,1092101429005737987,2019-02-03 10:44:05 CST,2019-02-03,10:44:05,-0500,86258335,amara_bengaluru,Amarnath Shivashankar,,"#NIMHANS in #Bengaluru, #Karnataka is waiting to Admit !!
#Getwellsoon",en,[],[],[],0,7,27,"['nimhans', 'bengaluru', 'karnataka', 'getwellsoon']",[],https://twitter.com/Amara_Bengaluru/status/1092101429005737987,,https://twitter.com/chitraSD/status/1091718781032906757,0,,Bangalore,,,,,,"{'user_id': None, 'username': None}",,,,
1092105576207863808,1092105576207863808,2019-02-03 11:00:34 CST,2019-02-03,11:00:34,-0500,108006063,rvaidya2000,RVAIDYA2000 üïâÔ∏è,,one thing clear;None of the regional Dacoits wants to give up even an inch of their power to loot etc--As long as cong closes eyes fine--as RaGa says he will fight with Lalu for secularism--by going inside jail with him:)))))))))) RT,en,[],[],[],0,25,49,[],[],https://twitter.com/rvaidya2000/status/1092105576207863808,,,0,,Bangalore,,,,,,"{'user_id': None, 'username': None}",,,,
1092125554525069312,1092125554525069312,2019-02-03 12:19:57 CST,2019-02-03,12:19:57,-0500,434252084,thenameisdvj,Darsh DVJ,,"""After watching #kanaa , idhayathalapathy @actorvijay asked me is kanaa your first film and while watching movie with him he laughed,cried,enjoyed the film and appreciated me"" üòç‚ù§Ô∏è

~ @Arunrajakamaraj at #VikatanAwards2018 

#ThalapathyVijay  https://t.co/4VodFxUMSG",en,"['actorvijay', 'arunrajakamaraj']",['https://twitter.com/otvfofficial_/status/1092097725447827457/video/1'],[],0,2,5,"['kanaa', 'vikatanawards2018', 'thalapathyvijay']",[],https://twitter.com/TheNameIsDVJ/status/1092125554525069312,,,0,,Bangalore,,,,,,"{'user_id': None, 'username': None}",,,,
1092077523205218304,1092077523205218304,2019-02-03 09:09:06 CST,2019-02-03,09:09:06,-0500,964351681948352512,srigowdam,Sridhar msgowda,,Needs no Caption.....‚ù§ https://t.co/H1LQOevhh3,en,[],[],['https://pbs.twimg.com/media/DyfWtR0U8AEynH4.jpg'],0,0,2,[],[],https://twitter.com/srigowdam/status/1092077523205218304,,,1,https://pbs.twimg.com/media/DyfWtR0U8AEynH4.jpg,Bangalore,,,,,,"{'user_id': None, 'username': None}",,,,
1091988597970849792,1091988597970849792,2019-02-03 03:15:44 CST,2019-02-03,03:15:44,-0500,24971499,prabhanjanpd,PD-Prabhanjan Deshpande,,Memoirs of @OneGlobeForum with @jagdishmitra and @nashmishra #OGForum #knowledgeeconomy https://t.co/ZafSgOaysa,en,"['oneglobeforum', 'jagdishmitra', 'nashmishra']",[],['https://pbs.twimg.com/media/DyeF1G_XcAAuOIa.jpg'],0,1,4,"['ogforum', 'knowledgeeconomy']",[],https://twitter.com/PrabhanjanPD/status/1091988597970849792,,,1,https://pbs.twimg.com/media/DyeF1G_XcAAuOIa.jpg,Bangalore,,,,,,"{'user_id': None, 'username': None}",,,,
1092175421255360513,1092175421255360513,2019-02-03 15:38:06 CST,2019-02-03,15:38:06,-0500,1014607193054875648,arjunagiarun,Arun Arjunagi,,"Proud Moment üíê
Bazaar Movie With Boss ‚ù§Ô∏è
Exclusive pics of D Boss ‚ù§Ô∏èüòò
@dasadarshan @SimpleSuni  @aditiprabhudeva @Dhanveerrah1
#DBoss #Dhanveerrah #Bazaar #monarch #Sandalwood #photography #celibrityphotography #BoxOfficeSultan #Darshan #Yajamana #kurukshetra #sandalwoodDBoss https://t.co/TEQv9wIcI8",en,"['dasadarshan', 'simplesuni', 'aditiprabhudeva', 'dhanveerrah1']",[],"['https://pbs.twimg.com/media/DygvsItWkAAo42F.jpg', 'https://pbs.twimg.com/media/Dygvt_zXcAMhLTm.jpg', 'https://pbs.twimg.com/media/Dygvvl9WsAAV_gY.jpg']",0,4,23,"['dboss', 'dhanveerrah', 'bazaar', 'monarch', 'sandalwood', 'photography', 'celibrityphotography', 'boxofficesultan', 'darshan', 'yajamana', 'kurukshetra', 'sandalwooddboss']",[],https://twitter.com/ArjunagiArun/status/1092175421255360513,,,1,https://pbs.twimg.com/media/DygvsItWkAAo42F.jpg,Bangalore,,,,,,"{'user_id': None, 'username': None}",,,,
1092135061535617025,1092135061535617025,2019-02-03 12:57:44 CST,2019-02-03,12:57:44,-0500,2177829108,varshavijayyan,Varsha Vijayan,,Spent a couple of hours today painting a good ol grumpy bat portrait. ü¶á #Batman #art https://t.co/kb7g6TZQa3,en,[],[],['https://pbs.twimg.com/media/DygKyxBUYAA7cMD.png'],2,0,9,"['batman', 'art']",[],https://twitter.com/VarshaVijayyan/status/1092135061535617025,,,1,https://pbs.twimg.com/media/DygKyxBUYAA7cMD.png,Bangalore,,,,,,"{'user_id': None, 'username': None}",,,,
1092149255286870016,1092149255286870016,2019-02-03 13:54:08 CST,2019-02-03,13:54:08,-0500,1238144628,dilipkarnataka,Dilip Sharma,,"Addressing Youth Red Cross Volunteers is always a pleasure filled with responsibility.

At Government First Grade College, For Women KR Pete, Mandya District on 31st January 2019.

#orientation #redcross #youthredcross https://t.co/Ld4xTfBW3z",en,[],[],"['https://pbs.twimg.com/media/DygX66eU8AAZodo.jpg', 'https://pbs.twimg.com/media/DygX7nOU8AA1qGO.jpg', 'https://pbs.twimg.com/media/DygX8RlV4AEEPTk.jpg', 'https://pbs.twimg.com/media/DygX88EU0AAOO8c.jpg']",0,0,3,"['orientation', 'redcross', 'youthredcross']",[],https://twitter.com/Dilipkarnataka/status/1092149255286870016,,,1,https://pbs.twimg.com/media/DygX66eU8AAZodo.jpg,Bangalore,,,,,,"{'user_id': None, 'username': None}",,,,
1092106020342677506,1092106020342677506,2019-02-03 11:02:20 CST,2019-02-03,11:02:20,-0500,108006063,rvaidya2000,RVAIDYA2000 üïâÔ∏è,,long week ahead for me--Travel to Delhi--after bath-to Statue of Unity at Kevadia and then lectures at Surat/Navsari during week end-- If you are on that side do come:))) RT,en,[],[],[],4,3,27,[],[],https://twitter.com/rvaidya2000/status/1092106020342677506,,,0,,Bangalore,,,,,,"{'user_id': None, 'username': None}",,,,
1091988987508486145,1091988987508486145,2019-02-03 03:17:17 CST,2019-02-03,03:17:17,-0500,24971499,prabhanjanpd,PD-Prabhanjan Deshpande,,Memoirs of @OneGlobeForum with @harjivsingh #OGForum #knowledgeeconomy https://t.co/1l3CNsbayH,en,"['oneglobeforum', 'harjivsingh']",[],['https://pbs.twimg.com/media/DyeGLq6XQAA_JI6.jpg'],0,2,3,"['ogforum', 'knowledgeeconomy']",[],https://twitter.com/PrabhanjanPD/status/1091988987508486145,,,1,https://pbs.twimg.com/media/DyeGLq6XQAA_JI6.jpg,Bangalore,,,,,,"{'user_id': None, 'username': None}",,,,
1092095182944624641,1092095182944624641,2019-02-03 10:19:16 CST,2019-02-03,10:19:16,-0500,1680794160,sudhashettyn,The Ambitious Woman,,@Testathon  A day well spent with awesome testing minds... #testathon ... Kudos to #testathon team for organising such a wonderful event. Won #bestteam award https://t.co/NeXYDP4Big,en,['testathon'],[],"['https://pbs.twimg.com/media/DyfmxCCVYAM_PBQ.jpg', 'https://pbs.twimg.com/media/DyfmxCCUcAAqoxa.jpg', 'https://pbs.twimg.com/media/DyfmxCCUYAE0EDR.jpg', 'https://pbs.twimg.com/media/DyfmxCCVYAQ2trj.jpg']",0,2,4,"['testathon', 'testathon', 'bestteam']",[],https://twitter.com/sudhashettyn/status/1092095182944624641,,,1,https://pbs.twimg.com/media/DyfmxCCVYAM_PBQ.jpg,Bangalore,,,,,,"{'user_id': '2209505228', 'username': 'Testathon'}",,,,
1091991548890214400,1091991548890214400,2019-02-03 03:27:28 CST,2019-02-03,03:27:28,-0500,190602618,sritiholics,Sriti Jha FC,,"Always luv is awesome! ‚ù§üôâ @sritianne

With teacher üòç
Because they're amazing ü§ó

#sritijha #pragya #munni #queenofexpressions #kumkumbhagya #iniyairumalargal #loncengcinta #twistoffate #alegedragostea #ahkalbim #kkb #sriti #titu #sritiholics 

üì∏ #youfoundluv https://t.co/l7sRoY9cxi",en,['sritianne'],[],['https://pbs.twimg.com/media/DyeIg_JVsAEyAxo.jpg'],0,2,17,"['sritijha', 'pragya', 'munni', 'queenofexpressions', 'kumkumbhagya', 'iniyairumalargal', 'loncengcinta', 'twistoffate', 'alegedragostea', 'ahkalbim', 'kkb', 'sriti', 'titu', 'sritiholics', 'youfoundluv']",[],https://twitter.com/sritiholics/status/1091991548890214400,,,1,https://pbs.twimg.com/media/DyeIg_JVsAEyAxo.jpg,Bangalore,,,,,,"{'user_id': None, 'username': None}",,,,
1092091940751925248,1092091940751925248,2019-02-03 10:06:23 CST,2019-02-03,10:06:23,-0500,55516276,syedafarida,farida,,‚Å¶@Cuemath‚Å© EDGE Awards Really glad when efforts get recognised and appreciated!!! Feeling honoured and blessed!!! https://t.co/nyFyzdof0j,en,['cuemath'],[],['https://pbs.twimg.com/media/Dyfj0zAVYAEZEc3.jpg'],0,0,7,[],[],https://twitter.com/syedafarida/status/1092091940751925248,,,1,https://pbs.twimg.com/media/Dyfj0zAVYAEZEc3.jpg,Bangalore,,,,,,"{'user_id': None, 'username': None}",,,,
1092149014684811265,1092149014684811265,2019-02-03 13:53:10 CST,2019-02-03,13:53:10,-0500,91190216,btmfc009,Prashant Agarwal,,Let‚Äôs keep the spirits high &amp; roar till we lift the trophy! Hard work always pays off! Congrats for today‚Äôs winü¶Åüí™üèº https://t.co/9TGnQiO1OM,en,[],[],['https://pbs.twimg.com/media/DygXu0WUwAAGWEp.jpg'],0,2,12,[],[],https://twitter.com/BTMFC009/status/1092149014684811265,,,1,https://pbs.twimg.com/media/DygXu0WUwAAGWEp.jpg,Bangalore,,,,,,"{'user_id': None, 'username': None}",,,,
1092109812672942081,1092109812672942081,2019-02-03 11:17:24 CST,2019-02-03,11:17:24,-0500,12991262,amritanshu,amritanshu,,Just because the authority cannot smell it doesn't means people are not getting affected... Ignoring things now invites unseen health hazard for the people living nearby.. Govt. cannot play blind and deaf to the genuine appeal's.. #RightToBreathe #ActionRequired,en,[],[],[],0,13,7,"['righttobreathe', 'actionrequired']",[],https://twitter.com/amritanshu/status/1092109812672942081,,https://twitter.com/ECityRising/status/1092056553564356608,0,,Bangalore,,,,,,"{'user_id': None, 'username': None}",,,,
1092141303482146816,1092141303482146816,2019-02-03 13:22:32 CST,2019-02-03,13:22:32,-0500,172289791,jkanthtl,TL Jayakantan,,Covert bids to convert Hindus at the Kumbh Mela venue https://t.co/NiMGQeMxra,en,[],[],['https://pbs.twimg.com/media/DygQt_xUcAAjBhI.jpg'],0,2,4,[],[],https://twitter.com/jkanthtl/status/1092141303482146816,,,1,https://pbs.twimg.com/media/DygQt_xUcAAjBhI.jpg,Bangalore,,,,,,"{'user_id': None, 'username': None}",,,,
1092105360108748800,1092105360108748800,2019-02-03 10:59:42 CST,2019-02-03,10:59:42,-0500,4911084924,prabhatisb,PrabhaüáÆüá≥,,"She squeaks: Save India,Save Democracy,Save the Constitution,Saare jahaan Se Achha!Jai Hind,Vandemataram. Drama queen!You have butchered Democracy,violated the constitution.We Indians are ashamed of a leader like you!Stop this nonsense &amp; count your days in power!#MamataBlocksCBI",en,[],[],[],1,3,10,['mamatablockscbi'],[],https://twitter.com/prabhatisb/status/1092105360108748800,,,0,,Bangalore,,,,,,"{'user_id': None, 'username': None}",,,,
1092119530397036545,1092012919301189634,2019-02-03 11:56:01 CST,2019-02-03,11:56:01,-0500,124704545,vigneshtennis,vignesh,,@iamrudramurthy @MTS_2019 So exited to read this sir. https://t.co/rOEGqigiMV,en,"['iamrudramurthy', 'mts_2019']",[],['https://pbs.twimg.com/media/Dyf85y3U8AAm3L6.jpg'],0,0,1,[],[],https://twitter.com/vigneshtennis/status/1092119530397036545,,,1,https://pbs.twimg.com/media/Dyf85y3U8AAm3L6.jpg,Bangalore,,,,,,"{'user_id': '317672061', 'username': 'iamrudramurthy'}",,,,
1092123246214799360,1092123246214799360,2019-02-03 12:10:47 CST,2019-02-03,12:10:47,-0500,1089796486525665280,nyaupanesagar88,Capricious,,"Really stunning catch
@Gynandramalla11
üôèüôèüôèüôè",en,[],[],[],0,1,9,[],[],https://twitter.com/Nyaupanesagar88/status/1092123246214799360,,https://twitter.com/NepaliCricketFC/status/1092077947534696450,0,,Bangalore,,,,,,"{'user_id': None, 'username': None}",,,,
1092087880766418944,1092087880766418944,2019-02-03 09:50:15 CST,2019-02-03,09:50:15,-0500,815508616794882048,iamshyamr,Shyam R. Nair,,Learn about Lightning Web Components during Global Developer Week #CodeGoals #Lightning #LWC #Salesforce,en,[],[],[],0,1,1,"['codegoals', 'lightning', 'lwc', 'salesforce']",[],https://twitter.com/iamShyamR/status/1092087880766418944,,https://twitter.com/SalesforceDevs/status/1090409140583772161,0,,Bangalore,,,,,,"{'user_id': None, 'username': None}",,,,
1092041112754085889,1057658398525681664,2019-02-03 06:44:25 CST,2019-02-03,06:44:25,-0500,965114888744914944,kdevforum,SaveBellandur(‡≤¨‡≥Ü‡≤≥‡≥ç‡≤≥‡≤Ç‡≤¶‡≥Ç‡≤∞‡≥Å ‡≤â‡≤≥‡≤ø‡≤∏‡≤ø),,"@hd_kumaraswamy @DrParameshwara @BSYBJP,rest ur conditions aside &amp; help with #SubUrban &amp; BTM-KRPURAM-IBLUR-CARMELARAM #metro.@RahulGandhi @AmitShah pls #SaveBengaluru dont politicise &amp; blame. Watch
https://t.co/OvJv3q8CZx has indicted #Bengaluru #MP,#MLA of failure! @rajeev_mp https://t.co/oP06jN75zG",en,"['hd_kumaraswamy', 'drparameshwara', 'bsybjp', 'rahulgandhi', 'amitshah', 'rajeev_mp']","['https://youtu.be/Ah-K4MjUG3o,@PiyushGoyalOffc']","['https://pbs.twimg.com/media/Dye0NztUwAAvoeh.jpg', 'https://pbs.twimg.com/media/Dye0Sp1UcAAUl8k.jpg']",2,10,3,"['suburban', 'metro', 'savebengaluru', 'bengaluru', 'mp', 'mla']",[],https://twitter.com/kdevforum/status/1092041112754085889,,,1,https://pbs.twimg.com/media/Dye0NztUwAAvoeh.jpg,Bangalore,,,,,,"{'user_id': '965114888744914944', 'username': 'kdevforum'}",,,,
1092014570649006082,1092014570649006082,2019-02-03 04:58:56 CST,2019-02-03,04:58:56,-0500,1563626983,bengalurufc,Bengaluru FC,,.@rinoanto and @KeanFLewis have arrived as we head into the final stages of the BFC Community Cup in Viveknagar. #BFCInTheCommunity https://t.co/dIkztp1L7z,en,"['rinoanto', 'keanflewis']",[],['https://pbs.twimg.com/media/DyeddSbU0AEgct0.jpg'],0,3,87,['bfcinthecommunity'],[],https://twitter.com/bengalurufc/status/1092014570649006082,,,1,https://pbs.twimg.com/media/DyeddSbU0AEgct0.jpg,Bangalore,,,,,,"{'user_id': None, 'username': None}",,,,
1092092431091273728,1092092431091273728,2019-02-03 10:08:20 CST,2019-02-03,10:08:20,-0500,40322057,mcabbas,SYED ASAD ABBAS,,"MAMATA DI AAGE BADHO! 
HUM TUMHARE SAATH HAIüí™üèª

I Stand with @MamataOfficial Diüí™üèª 5 years and have you ever seen CBI, ED, IT officials investigating any BJP Neta ????? Why is it always the opposition ? Just think about it üòâ ü§î https://t.co/6gFfstdbB4",en,['mamataofficial'],[],['https://pbs.twimg.com/media/DyfkRfAX4AEAbrB.jpg'],3,3,11,[],[],https://twitter.com/MCABBAS/status/1092092431091273728,,,1,https://pbs.twimg.com/media/DyfkRfAX4AEAbrB.jpg,Bangalore,,,,,,"{'user_id': None, 'username': None}",,,,
1092133627129810944,1092133627129810944,2019-02-03 12:52:02 CST,2019-02-03,12:52:02,-0500,3526155260,owaizafifa,suhail ahmed,,# we also support to #mamataofficial,en,[],[],[],0,1,2,['mamataofficial'],[],https://twitter.com/owaizafifa/status/1092133627129810944,,https://twitter.com/ShibliOfficial/status/1092123190308958208,0,,Bangalore,,,,,,"{'user_id': None, 'username': None}",,,,
1092112692347715584,1092112692347715584,2019-02-03 11:28:50 CST,2019-02-03,11:28:50,-0500,2208615595,nidhiya_v_raj,Nidhiya V Raj,,Yayyyyy!!! Just deactivated @facebook I feel amazing :) #Deactivate #Facebook,en,['facebook'],[],[],0,0,6,"['deactivate', 'facebook']",[],https://twitter.com/Nidhiya_V_Raj/status/1092112692347715584,,https://twitter.com/washingtonpost/status/1092035180397764610,0,,Bangalore,,,,,,"{'user_id': None, 'username': None}",,,,
1092127334239354881,1092127334239354881,2019-02-03 12:27:01 CST,2019-02-03,12:27:01,-0500,336406024,moni_krishnaa,Moni Ó®Ä,,Tweet made my day #Dhoni @msdhoni,en,['msdhoni'],[],[],0,0,3,['dhoni'],[],https://twitter.com/Moni_krishnaa/status/1092127334239354881,,https://twitter.com/ICC/status/1092062328907071488,0,,Bangalore,,,,,,"{'user_id': None, 'username': None}",,,,
1092088842742460416,1092088842742460416,2019-02-03 09:54:04 CST,2019-02-03,09:54:04,-0500,4911084924,prabhatisb,PrabhaüáÆüá≥,,"Arvind Kejriwal &amp; Ahmed Patel congratulate Mamata on her brave move of stalling the CBI entry,sitting for a Dharna to protest against CBI probe,rest of the Mahagatbandhan partners will follow.Jungle Raj in WB,supported by wolves in the garb of politicians.",en,[],[],[],4,5,8,[],[],https://twitter.com/prabhatisb/status/1092088842742460416,,,0,,Bangalore,,,,,,"{'user_id': None, 'username': None}",,,,
1092056541069365248,1091896164935299073,2019-02-03 07:45:43 CST,2019-02-03,07:45:43,-0500,135795641,jyotibose,AnEXOL,,"@preciousehunlv The most important thing is every new MV, they have something new to offer and the songs and the MV both are so good we feel proud to EXO-L @weareoneEXO https://t.co/hyfvum2gse",en,"['preciousehunlv', 'weareoneexo']",[],['https://pbs.twimg.com/media/DyfDoVUVAAAnwkS.jpg'],0,0,2,[],[],https://twitter.com/jyotibose/status/1092056541069365248,,,1,https://pbs.twimg.com/media/DyfDoVUVAAAnwkS.jpg,Bangalore,,,,,,"{'user_id': '1085808149477568512', 'username': 'preciousehunlv'}",,,,
1092061661459070978,1092061661459070978,2019-02-03 08:06:04 CST,2019-02-03,08:06:04,-0500,2320143325,anuhosad,Anupama Hosad,,"Just realised that in the south of India we don't say ""Good Evening"", we enquire the status of your coffee drinking üòú
Example : ""coffee aayta?"" (did you have your coffee in Kannada) üòúüòú",en,[],[],[],0,1,8,[],[],https://twitter.com/anuhosad/status/1092061661459070978,,,0,,Bangalore,,,,,,"{'user_id': None, 'username': None}",,,,
1092082048930582528,1092082048930582528,2019-02-03 09:27:05 CST,2019-02-03,09:27:05,-0500,13715242,aadil,Aadil Bandukwala,,Japanese cuisine tonight. Dinner with @SaniyaAzam at @HiltonHotels @BengaluruConrad Mikusu savouring #GrilledPrawns in Ninniku Togarashi Butter. Fab food and three cheers to Chef Devendra for his amazing hospitality! üòÉ #HappyBelly https://t.co/22WRnNNKqY,en,"['saniyaazam', 'hiltonhotels', 'bengaluruconrad']",[],"['https://pbs.twimg.com/media/Dyfa0nDXQAAcUlY.jpg', 'https://pbs.twimg.com/media/Dyfa0nIXcAA6mes.jpg']",0,0,9,"['grilledprawns', 'happybelly']",[],https://twitter.com/aadil/status/1092082048930582528,,,1,https://pbs.twimg.com/media/Dyfa0nDXQAAcUlY.jpg,Bangalore,,,,,,"{'user_id': None, 'username': None}",,,,
1092126670264225792,1092126670264225792,2019-02-03 12:24:23 CST,2019-02-03,12:24:23,-0500,287740853,sprakaashbjp,Prakash.S üáÆüá≥,,Support pours? Whose support?,en,[],[],[],1,0,3,[],[],https://twitter.com/sprakaashbjp/status/1092126670264225792,,https://twitter.com/IndiaToday/status/1092125870762979328,0,,Bangalore,,,,,,"{'user_id': None, 'username': None}",,,,
1092133965522059265,1092133965522059265,2019-02-03 12:53:22 CST,2019-02-03,12:53:22,-0500,111522630,grovervj,VIJAY,,Gadkari #Indirect attacks are getting more #Direct now...will the internal struggle in #BJP become a challenge for #NarendraModi to handle... @khanumarfa @Rsundaram05,en,"['khanumarfa', 'rsundaram05']",[],[],0,1,2,"['indirect', 'direct', 'bjp', 'narendramodi']",[],https://twitter.com/grovervj/status/1092133965522059265,,https://twitter.com/news24tvchannel/status/1092087962056048640,0,,Bangalore,,,,,,"{'user_id': None, 'username': None}",,,,
1092112194144256002,1092112194144256002,2019-02-03 11:26:52 CST,2019-02-03,11:26:52,-0500,2305741484,alertnaga,nagaraj g,,"Remember HF 24 sabotage, Suranjan Das death ? HAL is the breeding ground of corruption and inefficiency.",en,[],[],[],0,1,1,[],[],https://twitter.com/alertnaga/status/1092112194144256002,,https://twitter.com/JAGDISHGUPTA5/status/1091621034237644800,0,,Bangalore,,,,,,"{'user_id': None, 'username': None}",,,,
1092131227757211648,1092131227757211648,2019-02-03 12:42:30 CST,2019-02-03,12:42:30,-0500,53687449,yudocaa,‡¶∏‡¶æ‡ßü‡¶® ‡¶ö‡ßå‡¶ß‡ßÅ‡¶∞‡ßÄ (Sayan Chowdhury),,"You know what Gold is?

PMs on IRC with @jasonbraganza. There is so much to learn from him.

#dgplug #community",en,[],[],[],2,0,14,"['dgplug', 'community']",[],https://twitter.com/yudocaa/status/1092131227757211648,,,0,,Bangalore,,,,,,"{'user_id': None, 'username': None}",,,,
1092127785718595584,1092127785718595584,2019-02-03 12:28:49 CST,2019-02-03,12:28:49,-0500,2302855603,itzranjith,Ranjith,,"These kinds Atmosphere For #NGKTeaser is Huge welcome &amp; Started New Trend In Cinema World üåç!!! 

Big Thanks üôèüèª &amp; congratulations To team members @prabhu_sr @selvaraghavan @DreamWarriorpic 

@Suriya_offl Anna N G K expectations for the movie is no word !!!",en,"['prabhu_sr', 'selvaraghavan', 'dreamwarriorpic', 'suriya_offl']",[],[],1,3,8,['ngkteaser'],[],https://twitter.com/itzRanjith/status/1092127785718595584,,,0,,Bangalore,,,,,,"{'user_id': None, 'username': None}",,,,
1092114162526826496,1092114162526826496,2019-02-03 11:34:41 CST,2019-02-03,11:34:41,-0500,549109873,cricbc,cricBC,,Armchair sports critic with the most distinguished armchair.,en,[],[],[],0,1,6,[],[],https://twitter.com/cricBC/status/1092114162526826496,,https://twitter.com/ArifAlvi/status/1092101254065676288,0,,Bangalore,,,,,,"{'user_id': None, 'username': None}",,,,
1092078822453727232,1092078822453727232,2019-02-03 09:14:15 CST,2019-02-03,09:14:15,-0500,46358123,vivaciousvids,M(r)s. Baahubaliüòç,"{'type': 'Point', 'coordinates': [12.90216667, 77.71637292]}","Sunday Service day... A satisfying day with inmates of Snehadaan, a home for HIV positive people. We were about 40 volunteers who cooked a meal for all 160 inmates, caretakers and‚Ä¶ https://t.co/Ay2FTWr68m",en,[],['https://www.instagram.com/p/BtbJzvMHW3u/?utm_source=ig_twitter_share&igshid=1g9nbznwj7erx'],[],4,2,22,[],[],https://twitter.com/VivaciousVids/status/1092078822453727232,,,0,,Bangalore,,,,,,"{'user_id': None, 'username': None}",,,,
1092115706613780482,1092115706613780482,2019-02-03 11:40:49 CST,2019-02-03,11:40:49,-0500,990363781,rexrao52,rexrao52üáÆüá≥,,Quite  telling .....Mayawati hasn't as yet come out in Mamata s defence ...,en,[],[],[],1,4,1,[],[],https://twitter.com/rexrao52/status/1092115706613780482,,,0,,Bangalore,,,,,,"{'user_id': None, 'username': None}",,,,
1092106101426974720,1092106101426974720,2019-02-03 11:02:39 CST,2019-02-03,11:02:39,-0500,68947432,csdeena,Deena,,"In kids toys, specially with battery operated, there is no power button. Sometime it automatically start playing. Simple UX flaw!! #UX #toys",en,[],[],[],0,0,1,"['ux', 'toys']",[],https://twitter.com/csdeena/status/1092106101426974720,,,0,,Bangalore,,,,,,"{'user_id': None, 'username': None}",,,,
1092054832456916994,1092054832456916994,2019-02-03 07:38:56 CST,2019-02-03,07:38:56,-0500,240839952,anshul_abhinav,Anshul,,Dear @yadavtejashwi ur friend philospher &amp; guide is insulting your state in ur presence !!,en,['yadavtejashwi'],[],[],1,1,2,[],[],https://twitter.com/anshul_abhinav/status/1092054832456916994,,https://twitter.com/chintan20/status/1092009546640437248,0,,Bangalore,,,,,,"{'user_id': None, 'username': None}",,,,
1092122042197921794,1092122042197921794,2019-02-03 12:06:00 CST,2019-02-03,12:06:00,-0500,287740853,sprakaashbjp,Prakash.S üáÆüá≥,,Rahul says he stands shoulder to shoulder with Mamta. Is it no surprise ds decaying party always relishes to stand with Corrupt.‚ÄùRahul ka haath Brastachariyonke saath‚Äù,en,[],[],[],2,4,11,[],[],https://twitter.com/sprakaashbjp/status/1092122042197921794,,,0,,Bangalore,,,,,,"{'user_id': None, 'username': None}",,,,
1092090223519879169,1092090223519879169,2019-02-03 09:59:33 CST,2019-02-03,09:59:33,-0500,128984274,singh_biswajeet,Biswajeet,,"Mamta owes big thanks to Modi, she got the spark to üî• up her cadre and voters. No one plays victim card Better than Didi...",en,[],[],[],2,2,17,[],[],https://twitter.com/singh_biswajeet/status/1092090223519879169,,,0,,Bangalore,,,,,,"{'user_id': None, 'username': None}",,,,
1092108157961232384,1092108157961232384,2019-02-03 11:10:49 CST,2019-02-03,11:10:49,-0500,98561362,mfglobalcitizen,Melton Foundation,"{'type': 'Point', 'coordinates': [12.971117, 77.597645]}","The #MeltonFoundation #100ActsOfGlobalCitizenship for #2019 have commenced! We will be sharing our favourites with you in this space! .
.
Our first #ActOfGloballCitizenship for #2019 is by‚Ä¶ https://t.co/mFW37slPqJ",en,[],['https://www.instagram.com/p/BtVO60vHwiG/?utm_source=ig_twitter_share&igshid=ma9lpqs1csbn'],[],0,1,2,"['meltonfoundation', '100actsofglobalcitizenship', 'actofgloballcitizenship']",[],https://twitter.com/MFGlobalCitizen/status/1092108157961232384,,,0,,Bangalore,,,,,,"{'user_id': None, 'username': None}",,,,
1092137335838380034,1092137335838380034,2019-02-03 13:06:46 CST,2019-02-03,13:06:46,-0500,67602807,abhichugh,Abhinav Chugh,,"While the whole drama uncovering in Kolkata, can‚Äôt stop thinking about the new Cbi chief #RishiKumarShukla. He‚Äôs probably gonna have the most happening first day at job tomorrow. üòä #CBIvsKolkataPolice  #MamataVsCBI #WestBengal",en,[],[],[],0,0,4,"['rishikumarshukla', 'cbivskolkatapolice', 'mamatavscbi', 'westbengal']",[],https://twitter.com/abhichugh/status/1092137335838380034,,,0,,Bangalore,,,,,,"{'user_id': None, 'username': None}",,,,
1092112537146089474,1092112537146089474,2019-02-03 11:28:13 CST,2019-02-03,11:28:13,-0500,2288490336,hashankaranaray,H.A.Shankaranarayana,,"Somebody please tell this lapdog, Modi is anarchy...!!",en,[],[],[],1,0,2,[],[],https://twitter.com/HAShankaranaray/status/1092112537146089474,,https://twitter.com/_pallavighosh/status/1092098793095467008,0,,Bangalore,,,,,,"{'user_id': None, 'username': None}",,,,
1092137290577506304,1092137290577506304,2019-02-03 13:06:35 CST,2019-02-03,13:06:35,-0500,171831995,thakurpranav,Pranav Thakur,,"What a brilliant #movie #Uri. Powerful performance by @vickykaushal09! Well directed, heart wrenching, and portrays the sacrifices made and risks taken by the men in uniform! No wonder still houseful! #cinema @RonnieScrewvala @RSVPMovies #JaiHind #Josh #HighHai #strikeback",en,"['vickykaushal09', 'ronniescrewvala', 'rsvpmovies']",[],[],0,1,4,"['movie', 'uri', 'cinema', 'jaihind', 'josh', 'highhai', 'strikeback']",[],https://twitter.com/thakurpranav/status/1092137290577506304,,,0,,Bangalore,,,,,,"{'user_id': None, 'username': None}",,,,
1092105833511567360,1092105833511567360,2019-02-03 11:01:35 CST,2019-02-03,11:01:35,-0500,175280070,shashi_shekara,Shashi Shekara üáÆüá≥,,"#SharadaChitFundScam investigation is monitoring by supreme court. If you are not corrupt, then what‚Äôs the problem to allowing #CBI to do their duty. @MamataOfficial 

#CBIvsDidi #MamatablocksCBI #CBIvsMamata #Kolkata #WestBengal #ShardaChitFundScam",en,['mamataofficial'],[],[],1,1,0,"['sharadachitfundscam', 'cbi', 'cbivsdidi', 'mamatablockscbi', 'cbivsmamata', 'kolkata', 'westbengal', 'shardachitfundscam']",[],https://twitter.com/shashi_shekara/status/1092105833511567360,,,0,,Bangalore,,,,,,"{'user_id': None, 'username': None}",,,,
1092106596191297538,1092106596191297538,2019-02-03 11:04:37 CST,2019-02-03,11:04:37,-0500,175280070,shashi_shekara,Shashi Shekara üáÆüá≥,,"Arresting #CBI officials to protect corrupt Police commissioner who involved in chit fund scam and staging dharna. Is this democracy @MamataOfficial didi..? 

#CBIvsDidi #MamatablocksCBI #SharadhaChitFundScam #Kolkata #WestBengal",en,['mamataofficial'],[],[],1,2,1,"['cbi', 'cbivsdidi', 'mamatablockscbi', 'sharadhachitfundscam', 'kolkata', 'westbengal']",[],https://twitter.com/shashi_shekara/status/1092106596191297538,,,0,,Bangalore,,,,,,"{'user_id': None, 'username': None}",,,,
1092119145003601922,1092119145003601922,2019-02-03 11:54:29 CST,2019-02-03,11:54:29,-0500,17750691,venkyqm,Venky Srinivasan,,"Great day! Won the sports quiz and second in the cricket quiz with a great team- @keshavaguha @cricketsnob, Alagarsamy for cricket; @Yagnyesh joining us for the Sports Quiz. Thanks to @paap_singer @soganmageshwar Sreeram, Sachin Deshpande, @bcl400 @anumccartney for great qns",en,"['keshavaguha', 'cricketsnob', 'yagnyesh', 'paap_singer', 'soganmageshwar', 'bcl400', 'anumccartney']",[],[],3,0,25,[],[],https://twitter.com/venkyQM/status/1092119145003601922,,,0,,Bangalore,,,,,,"{'user_id': None, 'username': None}",,,,
1092096232980242432,1092096232980242432,2019-02-03 10:23:26 CST,2019-02-03,10:23:26,-0500,1905090132,sintu94, Ä·¥Ä·¥ç ·¥Ö·¥Ä è·¥Ä ü s…™…¥…¢ ú,,"Mad leader of India #WB we request you to president sir plzz impose president rule in West bengal otherwise state turn into another country.
@pra5sun @2B7MNb8jnh3f9Ak @khushipathakIn @brineOfbrain",en,"['pra5sun', '2b7mnb8jnh3f9ak', 'khushipathakin', 'brineofbrain']",[],[],0,1,1,['wb'],[],https://twitter.com/sintu94/status/1092096232980242432,,https://twitter.com/RakeshSinha01/status/1092082598376034304,0,,Bangalore,,,,,,"{'user_id': None, 'username': None}",,,,
1092116443091484672,1092116443091484672,2019-02-03 11:43:45 CST,2019-02-03,11:43:45,-0500,370092503,manusharps,Manu,,"So Kichcha in @KapilSharmaK9 show..üòç‚ú® 2nd actor from south after prabhas..
I'm very Keen to watch this show üòã #KapilSharmaShow",en,['kapilsharmak9'],[],[],0,2,8,['kapilsharmashow'],[],https://twitter.com/Manusharps/status/1092116443091484672,,,0,,Bangalore,,,,,,"{'user_id': None, 'username': None}",,,,
1092118068258516993,1092118068258516993,2019-02-03 11:50:12 CST,2019-02-03,11:50:12,-0500,734022857500413953,1990_sree,SREE,,"@RK1610IsMe. #RagRagMeinGanga , Very joyful, informative and beautiful landscapes in the second episode,Thank you Rajeevüåπ‚ò∫Ô∏èüåπ‚ò∫Ô∏èüåπ‚ò∫Ô∏èüåπ‚ò∫Ô∏èüåπ‚ò∫Ô∏èüåπ‚ò∫Ô∏èüåπ",en,['rk1610isme'],[],[],0,3,3,['ragragmeinganga'],[],https://twitter.com/1990_sree/status/1092118068258516993,,https://twitter.com/RK1610IsMe/status/1092045310975770624,0,,Bangalore,,,,,,"{'user_id': '1857961322', 'username': 'RK1610IsMe'}",,,,
1092127464661417984,1092127464661417984,2019-02-03 12:27:32 CST,2019-02-03,12:27:32,-0500,109786548,ranjanigayatri,Ranjani Gayatri,,You're too kind! We're both united in bowing down to Ma Saraswati.,en,[],[],[],0,0,10,[],[],https://twitter.com/ranjanigayatri/status/1092127464661417984,,https://twitter.com/sreevatsa_kadur/status/1092124197806133248,0,,Bangalore,,,,,,"{'user_id': None, 'username': None}",,,,
1092115994590482432,1092115994590482432,2019-02-03 11:41:58 CST,2019-02-03,11:41:58,-0500,14367723,hussainweb,hussainweb,,"I'm going to bed before midnight üò±üò±üò±

I can't remember when that happened last.",en,[],[],[],0,0,4,[],[],https://twitter.com/hussainweb/status/1092115994590482432,,,0,,Bangalore,,,,,,"{'user_id': None, 'username': None}",,,,
1092087063065767939,1092087063065767939,2019-02-03 09:47:00 CST,2019-02-03,09:47:00,-0500,537767020,arun_marikempai,Arun kumar Marikempaiah,,"For whom he is saying üòÖüòÖüòÖ

@Kanagalogy

https://t.co/yIf4fbpWd4",en,['kanagalogy'],['https://indianexpress.com/article/india/one-who-cannot-take-care-of-home-cant-manage-country-nitin-gadkari-5567187/'],[],1,0,7,[],[],https://twitter.com/arun_marikempai/status/1092087063065767939,,,0,,Bangalore,,,,,,"{'user_id': None, 'username': None}",,,,
1092110789656305665,1092110385283584000,2019-02-03 11:21:17 CST,2019-02-03,11:21:17,-0500,79483657,swaroop1982,‡§∏‡§§‡•ç‡§Ø‡§Æ‡•á‡§µ ‡§ú‡§Ø‡§§‡•á,,@squintneon @fayedsouza you complained budget is in Hindi. Now what about this interview dear hypocriteü§î,en,"['squintneon', 'fayedsouza']",[],[],3,7,50,[],[],https://twitter.com/swaroop1982/status/1092110789656305665,,,0,,Bangalore,,,,,,"{'user_id': '914366751831478272', 'username': 'squintneon'}",,,,
1092118348933025792,1092118348933025792,2019-02-03 11:51:19 CST,2019-02-03,11:51:19,-0500,1091237184458285056,ecityrising,Electronic City Rising,,"@kiranshaw Mam, since you are representing electronic city in many committees and reside in this area, looking forward for your support to remove this blot on Electronic City. Pls help us for #RightToBreathe.",en,['kiranshaw'],[],[],0,6,5,['righttobreathe'],[],https://twitter.com/ECityRising/status/1092118348933025792,,https://twitter.com/ECityRising/status/1092056553564356608,0,,Bangalore,,,,,,"{'user_id': '145607857', 'username': 'kiranshaw'}",,,,
1092117770576179200,1092117770576179200,2019-02-03 11:49:01 CST,2019-02-03,11:49:01,-0500,16865395,ananthaforu,Anantha-Infinity,,"Now, who will grill the #CBI üòÇüòÇüòÇ

#Backfire of the century.

Lessons to be learnt. In future, states should stand against Central Upmanship. This includes Article356 type of toppling governments line @INCIndia misused to the core",en,['incindia'],[],[],0,1,0,"['cbi', 'backfire']",[],https://twitter.com/Ananthaforu/status/1092117770576179200,,,0,,Bangalore,,,,,,"{'user_id': None, 'username': None}",,,,
1092115161949843456,1092091108107137032,2019-02-03 11:38:39 CST,2019-02-03,11:38:39,-0500,100327232,raajleo,Raaj Holalkere Bharadwaj ( My #RealGotra),,@BDUTT @Joydeep_Dey @MamataOfficial Because u also belong to same #LutyensJunk circle also hv same agenda !!People won‚Äôt forget so easily what all Dirty games u hv played while working with @PrannoyRoyNDTV @ndtv Why can‚Äôt u own up instead of acting like a holy-cow @swapan55 @girirajsinghbjp @AnantkumarH @rajeev_mp,en,"['bdutt', 'joydeep_dey', 'mamataofficial', 'prannoyroyndtv', 'ndtv', 'swapan55', 'girirajsinghbjp', 'anantkumarh', 'rajeev_mp']",[],[],0,4,15,['lutyensjunk'],[],https://twitter.com/raajleo/status/1092115161949843456,,,0,,Bangalore,,,,,,"{'user_id': '19929890', 'username': 'BDUTT'}",,,,
1092124803090272262,1092106728685125638,2019-02-03 12:16:58 CST,2019-02-03,12:16:58,-0500,282454048,gurpreetgk,Gurpreet Singh Sandhu,,@StephenConstan Thank you coach üôåüèΩ,en,['stephenconstan'],[],[],1,2,94,[],[],https://twitter.com/GurpreetGK/status/1092124803090272262,,,0,,Bangalore,,,,,,"{'user_id': '1437974138', 'username': 'StephenConstan'}",,,,
1092169125932294146,1092169125932294146,2019-02-03 15:13:05 CST,2019-02-03,15:13:05,-0500,130479667,shreyarealone,shreya,"{'type': 'Point', 'coordinates': [12.971117, 77.597645]}","Just finished listening to Abbey Road  by The Beatles for the very first time from start to finish and I've got to say I really loved it.... 

The songs are so beautiful and it just makes‚Ä¶ https://t.co/KtGpEBx0hM",en,[],['https://www.instagram.com/p/Btby3qxDcGx/?utm_source=ig_twitter_share&igshid=14xzyebq6acpx'],[],0,1,1,[],[],https://twitter.com/shreyarealone/status/1092169125932294146,,,0,,Bangalore,,,,,,"{'user_id': None, 'username': None}",,,,
1092113027422277633,1092105524928282630,2019-02-03 11:30:10 CST,2019-02-03,11:30:10,-0500,448764973,raghu_madgula,Raghu Madgula,,@t_d_h_nair @geetv79 Seeing the trend of the Country..BJP will come down to double digit by May 2019..,en,"['t_d_h_nair', 'geetv79']",[],[],0,2,4,[],[],https://twitter.com/raghu_madgula/status/1092113027422277633,,,0,,Bangalore,,,,,,"{'user_id': '951165164', 'username': 't_d_h_nair'}",,,,
1092088373974491137,1091700869450457089,2019-02-03 09:52:13 CST,2019-02-03,09:52:13,-0500,2166826970,sirigowrina,Siri,,@theTechBee @omprakash_it @kavindrapatel @360SMSApp @SalesforceDevs @ericakuhl @LangstonJessica @hollygfirestone @gauravkheterpal @sidsehgal20 @360degreecloud @Rbhalla31 @Khwabfoundation True! Never worry about what people tell you! If u can stick on to your choice you'll certainly progress!üëå,en,"['thetechbee', 'omprakash_it', 'kavindrapatel', '360smsapp', 'salesforcedevs', 'ericakuhl', 'langstonjessica', 'hollygfirestone', 'gauravkheterpal', 'sidsehgal20', '360degreecloud', 'rbhalla31', 'khwabfoundation']",[],[],0,1,4,[],[],https://twitter.com/SirigowriNA/status/1092088373974491137,,,0,,Bangalore,,,,,,"{'user_id': '3254035063', 'username': 'theTechBee'}",,,,
1092104532664950785,1092090142402232320,2019-02-03 10:56:25 CST,2019-02-03,10:56:25,-0500,506118634,prasunkalib,Prasun Bhattacharyya,,@sardesairajdeep @autumnrainwish Someone needs to remind CBI and you that you need a warrant to search/arrest a CP‚Äôs home. Would u like if police turns up at ur place at night w/o any documents/identification for a secret operation ?,en,"['sardesairajdeep', 'autumnrainwish']",[],[],1,2,4,[],[],https://twitter.com/PrasunKaliB/status/1092104532664950785,,,0,,Bangalore,,,,,,"{'user_id': '56304605', 'username': 'sardesairajdeep'}",,,,
1092121567289593856,1092121567289593856,2019-02-03 12:04:06 CST,2019-02-03,12:04:06,-0500,1091237184458285056,ecityrising,Electronic City Rising,,@ELCIA_IN @ELCITA_IN @Rama_ELCITA Residents are suffering day &amp; night from foul smell and health hazard this SWM plant. They are getting chronic diseases. Need your help to highlight this issue in all forums and for course correction from GoK. Pls help us to have #RightToBreathe,en,"['elcia_in', 'elcita_in', 'rama_elcita']",[],[],0,6,6,['righttobreathe'],[],https://twitter.com/ECityRising/status/1092121567289593856,,https://twitter.com/AbhilashM_BLR/status/1092085592433790976,0,,Bangalore,,,,,,"{'user_id': '2783501136', 'username': 'ELCIA_IN'}",,,,
1092115361099481088,1092106596191297538,2019-02-03 11:39:27 CST,2019-02-03,11:39:27,-0500,301309289,mani24sjcpl,Thavamani Chinnappan,,"@shashi_shekara @prameshjain12 @MamataOfficial @narendramodi @AmitShah @sumanthraman @rkhuria @pbhushan1 @IJaising @HAL_India Dear @SuPriyoBabul Pls Don't Voice #HMV of @narendramodi @AmitShah Being Young, Expect Better Sense Prevail in U!",en,"['shashi_shekara', 'prameshjain12', 'mamataofficial', 'narendramodi', 'amitshah', 'sumanthraman', 'rkhuria', 'pbhushan1', 'ijaising', 'supriyobabul', 'narendramodi', 'amitshah']",[],[],0,1,1,['hmv'],[],https://twitter.com/mani24sjcpl/status/1092115361099481088,,,0,,Bangalore,,,,,,"{'user_id': '301309289', 'username': 'mani24sjcpl'}",,,,
1092069055098318850,1091799270355656705,2019-02-03 08:35:27 CST,2019-02-03,08:35:27,-0500,272503721,macharajarao,M. S. Srinivasa Rao,,"@IndianExpress Which public, General Anna?",en,['indianexpress'],[],[],0,1,2,[],[],https://twitter.com/macharajarao/status/1092069055098318850,,,0,,Bangalore,,,,,,"{'user_id': '38647512', 'username': 'IndianExpress'}",,,,
1092143148741025792,1092044454603735041,2019-02-03 13:29:52 CST,2019-02-03,13:29:52,-0500,15300013,djasif,Mohammed Asif,,@manukumarjain @MiFCBengaluru @XiaomiIndia it was a good time to see you in person. I was lucky to be a part of this gathering. Thank you for all the insights and making it more firm about the love I have for #xiaomi!,en,"['manukumarjain', 'mifcbengaluru', 'xiaomiindia']",[],[],0,0,4,['xiaomi'],[],https://twitter.com/djasif/status/1092143148741025792,,,0,,Bangalore,,,,,,"{'user_id': '74787719', 'username': 'manukumarjain'}",,,,
1092091706063806465,1092075377139298307,2019-02-03 10:05:27 CST,2019-02-03,10:05:27,-0500,128497383,dilip_ganatra,Dilip Ganatra,,@TimesNow #MamataVsCBI it is very dangerous against our federal structure but still centre may not act CBI will move SC and handle situation extremely serious,en,['timesnow'],[],[],0,1,2,['mamatavscbi'],[],https://twitter.com/dilip_ganatra/status/1092091706063806465,,,0,,Bangalore,,,,,,"{'user_id': '240649814', 'username': 'TimesNow'}",,,,
1092106600649654272,1092099890132516869,2019-02-03 11:04:38 CST,2019-02-03,11:04:38,-0500,295081705,bakshi_r,Ravinder Bakshi,,@narendramodi Enjoy Lord Shiva Bless Who is at Top Shankacharaya temple,en,['narendramodi'],[],[],0,0,4,[],[],https://twitter.com/bakshi_r/status/1092106600649654272,,,0,,Bangalore,,,,,,"{'user_id': '18839785', 'username': 'narendramodi'}",,,,
1092102359579324422,1092101636737155073,2019-02-03 10:47:47 CST,2019-02-03,10:47:47,-0500,3739101792,sunilissar,Sunil Issar,,@ikaveri Twitter will become such a nice place.,en,['ikaveri'],[],[],0,0,4,[],[],https://twitter.com/SunilIssar/status/1092102359579324422,,,0,,Bangalore,,,,,,"{'user_id': '51552352', 'username': 'ikaveri'}",,,,
1092127790240014336,1092127785718595584,2019-02-03 12:28:50 CST,2019-02-03,12:28:50,-0500,2302855603,itzranjith,Ranjith,,@selvaraghavan Sir Will be much happy about the Teaser Celebrations üéä,en,['selvaraghavan'],[],[],0,0,4,[],[],https://twitter.com/itzRanjith/status/1092127790240014336,,,0,,Bangalore,,,,,,"{'user_id': '2302855603', 'username': 'itzRanjith'}",,,,
1092084147311398918,1091700869450457089,2019-02-03 09:35:25 CST,2019-02-03,09:35:25,-0500,274832298,reddy_mrp,Reddi__mdt,,@omprakash_it @theTechBee @kavindrapatel @360SMSApp @SalesforceDevs @ericakuhl @LangstonJessica @hollygfirestone @gauravkheterpal @sidsehgal20 @360degreecloud @Rbhalla31 @Khwabfoundation Great going...keepup the spirit... your guys will rocks some day üëç ...hats off to you for encouraging them üòä,en,"['omprakash_it', 'thetechbee', 'kavindrapatel', '360smsapp', 'salesforcedevs', 'ericakuhl', 'langstonjessica', 'hollygfirestone', 'gauravkheterpal', 'sidsehgal20', '360degreecloud', 'rbhalla31', 'khwabfoundation']",[],[],0,0,5,[],[],https://twitter.com/reddy_mrp/status/1092084147311398918,,,0,,Bangalore,,,,,,"{'user_id': '141818347', 'username': 'omprakash_it'}",,,,
1092144535537299456,1092112948523352064,2019-02-03 13:35:22 CST,2019-02-03,13:35:22,-0500,1572560216,shruthijayaram1,shruthi jayaram,,@NabilaKhawaja @Dev99589 @MeherKhanAnsari @tinaa_sns2 If he see even he would give his option,en,"['nabilakhawaja', 'meherkhanansari', 'tinaa_sns2']",[],[],1,0,3,[],[],https://twitter.com/shruthijayaram1/status/1092144535537299456,,,0,,Bangalore,,,,,,"{'user_id': '883795640161103872', 'username': 'NabilaKhawaja'}",,,,
1092086337409302528,1092086337409302528,2019-02-03 09:44:07 CST,2019-02-03,09:44:07,-0500,1091237184458285056,ecityrising,Electronic City Rising,,@WFRising Inspired by your work and success story. Hope you can guide us.,en,['wfrising'],[],[],3,1,3,[],[],https://twitter.com/ECityRising/status/1092086337409302528,,,0,,Bangalore,,,,,,"{'user_id': '2242672866', 'username': 'WFRising'}",,,,
1092116667562364929,1092091108107137032,2019-02-03 11:44:38 CST,2019-02-03,11:44:38,-0500,100327232,raajleo,Raaj Holalkere Bharadwaj ( My #RealGotra),,@ravishendarkar @BDUTT @MamataOfficial Hahahaha This Pride is another name for Loot !!! U forgot #TamilMakkalPride ü§£,en,"['ravishendarkar', 'bdutt', 'mamataofficial']",[],[],1,0,2,['tamilmakkalpride'],[],https://twitter.com/raajleo/status/1092116667562364929,,,0,,Bangalore,,,,,,"{'user_id': '46075800', 'username': 'ravishendarkar'}",,,,
1092143575352012800,1092112948523352064,2019-02-03 13:31:34 CST,2019-02-03,13:31:34,-0500,1572560216,shruthijayaram1,shruthi jayaram,,@NabilaKhawaja @Dev99589 @MeherKhanAnsari @tinaa_sns2 @Shaheer_S I think the dog was hyperactive . and like u. So ran toward u . this has happened many time one thing I haven't never run in front of them,en,"['nabilakhawaja', 'meherkhanansari', 'tinaa_sns2', 'shaheer_s']",[],[],1,0,2,[],[],https://twitter.com/shruthijayaram1/status/1092143575352012800,,,0,,Bangalore,,,,,,"{'user_id': '883795640161103872', 'username': 'NabilaKhawaja'}",,,,
1092128004002570241,1092122140445310976,2019-02-03 12:29:41 CST,2019-02-03,12:29:41,-0500,2523133974,sourabh_kaul,sourabh kaul,,@tanvirsadiq Ache din,en,['tanvirsadiq'],[],[],0,0,6,[],[],https://twitter.com/sourabh_kaul/status/1092128004002570241,,,0,,Bangalore,,,,,,"{'user_id': '46659670', 'username': 'tanvirsadiq'}",,,,
1092142901801320448,1092112948523352064,2019-02-03 13:28:53 CST,2019-02-03,13:28:53,-0500,1572560216,shruthijayaram1,shruthi jayaram,,@NabilaKhawaja @Dev99589 @MeherKhanAnsari @tinaa_sns2 Yes .even he has sister,en,"['nabilakhawaja', 'meherkhanansari', 'tinaa_sns2']",[],[],1,0,2,[],[],https://twitter.com/shruthijayaram1/status/1092142901801320448,,,0,,Bangalore,,,,,,"{'user_id': '883795640161103872', 'username': 'NabilaKhawaja'}",,,,
1092087837141487617,1092086334028697602,2019-02-03 09:50:05 CST,2019-02-03,09:50:05,-0500,76375458,yelvee,yelvee,,"@ianuragthakur @narendramodi Sir this is not achievement but security risk. We want our PM to be safe always. He shld avoid such risk going forward especially during coming LS campaigns. We want him to rule for next 10 years, safe, &amp; healthy.",en,"['ianuragthakur', 'narendramodi']",[],[],0,0,1,[],[],https://twitter.com/yelvee/status/1092087837141487617,,,0,,Bangalore,,,,,,"{'user_id': '381949397', 'username': 'ianuragthakur'}",,,,
1092134178580160512,1091746299043442689,2019-02-03 12:54:13 CST,2019-02-03,12:54:13,-0500,2177829108,varshavijayyan,Varsha Vijayan,,@AurelieMariani @MjLupin22 @TheExpanseWR @ExpanseOnPrime @SAghdashloo thank you so much üòä,en,"['aureliemariani', 'theexpansewr', 'expanseonprime', 'saghdashloo']",[],[],0,0,2,[],[],https://twitter.com/VarshaVijayyan/status/1092134178580160512,,,0,,Bangalore,,,,,,"{'user_id': '910138734309527552', 'username': 'AurelieMariani'}",,,,
1092100892306878466,1092081393738366976,2019-02-03 10:41:57 CST,2019-02-03,10:41:57,-0500,3791300053,nishukumar22,Nishu Kumar,,@vivekgowda16 Thank you bhai üôåüèªü§úüèªü§õüèª,en,['vivekgowda16'],[],[],0,0,3,[],[],https://twitter.com/nishukumar22/status/1092100892306878466,,,0,,Bangalore,,,,,,"{'user_id': '3065156589', 'username': 'vivekgowda16'}",,,,
1092039158539927552,1092026406677155840,2019-02-03 06:36:39 CST,2019-02-03,06:36:39,-0500,3791300053,nishukumar22,Nishu Kumar,,@TheBaronVj @pumafootball @WestBlockBlues Thank you miyan jiü§úüèªü§õüèª,en,"['thebaronvj', 'pumafootball', 'westblockblues']",[],[],0,0,4,[],[],https://twitter.com/nishukumar22/status/1092039158539927552,,,0,,Bangalore,,,,,,"{'user_id': '1392647480', 'username': 'TheBaronVj'}",,,,
1092034165405597696,1092030852903518209,2019-02-03 06:16:48 CST,2019-02-03,06:16:48,-0500,3029147214,madivalatrfps,MADIVALA TRAFFIC BTP,,"@blrcitytraffic @kns003 @BMTC_BENGALURU We have alerted our staff, in which direction is the bus moving?",en,"['blrcitytraffic', 'kns003', 'bmtc_bengaluru']",[],[],1,0,2,[],[],https://twitter.com/madivalatrfps/status/1092034165405597696,,,0,,Bangalore,,,,,,"{'user_id': '1851545900', 'username': 'blrcitytraffic'}",,,,
